{"cameraMode":{"drawMode":0,"name":"Shaded","section":"Shading Mode"},"sceneLighting":true,"audioPlay":false,"sceneViewState":{"showFog":true,"showMaterialUpdate":false,"showSkybox":true,"showFlares":true,"showImageEffects":true,"showParticleSystems":true,"showVisualEffectGraphs":true,"m_FxEnabled":true},"in2DMode":false,"pivot":{"x":11.154095649719239,"y":8.845911026000977,"z":-12.772632598876954},"rotation":{"x":0.11986322700977326,"y":-0.04998360201716423,"z":0.006024730857461691,"w":0.9914485216140747},"size":8.255929946899414,"orthographic":false}