{"cameraMode":{"drawMode":0,"name":"Shaded","section":"Shading Mode"},"sceneLighting":true,"audioPlay":false,"sceneViewState":{"showFog":true,"showMaterialUpdate":false,"showSkybox":true,"showFlares":true,"showImageEffects":true,"showParticleSystems":true,"showVisualEffectGraphs":true,"m_FxEnabled":true},"in2DMode":false,"pivot":{"x":16.108047485351564,"y":11.798108100891114,"z":-11.343864440917969},"rotation":{"x":0.27711910009384158,"y":0.002036569407209754,"z":-0.000625590851996094,"w":0.9607703685760498},"size":8.255929946899414,"orthographic":false}